<?xml version="1.0" encoding="UTF-8" ?>
<extension type="package" version="3.3" method="upgrade">
    <name>Dynamic404</name>
    <packagename>dynamic404</packagename>
    <author>Yireo</author>
    <authoremail>support@yireo.com</authoremail>
    <authorurl>http://www.yireo.com</authorurl>
    <creationDate>mei 2018</creationDate>
    <copyright>Copyright 2018 Yireo.com</copyright>
    <license>http://www.gnu.org/licenses/gpl-3.0.html GNU/GPL</license>
    <version>1.2.22</version>
    <url>http://www.yireo.com</url>
    <packager>Yireo</packager>
    <packagerurl>http://www.yireo.com</packagerurl>

    <files>
        <file type="plugin" id="plg_system_dynamic404" group="system">plg_system_dynamic404_j3x.zip</file>
        <file type="component" id="com_dynamic404" >com_dynamic404_j3x.zip</file>
    </files>
</extension>
