<?xml version="1.0" encoding="utf-8"?>
<install type="component" version="1.5" method="upgrade">
    <name>Dynamic404</name>
    <author>Yireo</author>
    <authoremail>support@yireo.com</authoremail>
    <authorurl>http://www.yireo.com</authorurl>
    <creationDate>February 2013</creationDate>
    <copyright>Copyright 2013 Yireo.com</copyright>
    <license>http://www.gnu.org/licenses/gpl-3.0.html GNU/GPL</license>
    <version>1.0.17</version>
    <description>This component redirects 404 pages to more likely matches.</description>

    <!-- installation part -->
    <install>
        <queries>
            <query>
                CREATE TABLE IF NOT EXISTS `#__dynamic404_redirects` (
                    `redirect_id` int(11) NOT NULL AUTO_INCREMENT,
                    `match` varchar(255) NOT NULL,
                    `url` varchar(255) NOT NULL,
                    `http_status` int(3) NOT NULL,
                    `description` text NOT NULL,
                    `type` varchar(50) NOT NULL,
                    `checked_out` int(11) NOT NULL DEFAULT '0',
                    `checked_out_time` datetime NOT NULL DEFAULT '0000-00-00 00:00:00',
                    `published` tinyint(1) NOT NULL DEFAULT '0',
                    `publish_up` datetime NOT NULL DEFAULT '0000-00-00 00:00:00',
                    `publish_down` datetime NOT NULL DEFAULT '0000-00-00 00:00:00',
                    `created` datetime NOT NULL DEFAULT '0000-00-00 00:00:00',
                    `created_by` int(11) NOT NULL DEFAULT '0',
                    `created_by_alias` text NOT NULL,
                    `modified` datetime NOT NULL DEFAULT '0000-00-00 00:00:00',
                    `modified_by` int(11) NOT NULL DEFAULT '0',
                    `modified_by_alias` text NOT NULL,
                    `ordering` int(11) NOT NULL DEFAULT '0',
                    `access` tinyint(3) NOT NULL DEFAULT '0',
                    `locked` tinyint(1) NOT NULL DEFAULT '0',
                    `params` text NOT NULL,
                    PRIMARY KEY (`redirect_id`)
                );
            </query>
            <query>
                CREATE TABLE IF NOT EXISTS `#__dynamic404_logs` (
                    `log_id` int(11) NOT NULL auto_increment,
                    `request` varchar(255) NOT NULL,
                    `timestamp` int(11) NOT NULL default '0',
                    `hits` int(11) NOT NULL default '0',
                    `ordering` int(11) NOT NULL DEFAULT '0',
                    PRIMARY KEY  (`log_id`)
                );
            </query>
        </queries>
    </install>

    <uninstall>
        <queries>
            <query>
            DROP TABLE IF EXISTS `#__dynamic404_redirects`;
            </query>
            <query>
            DROP TABLE IF EXISTS `#__dynamic404_logs`;
            </query>
        </queries>
    </uninstall>

    <installfile>install.dynamic404.php</installfile>
    <uninstallfile>uninstall.dynamic404.php</uninstallfile>

    <files folder="site">
        <filename>index.html</filename>
        <filename>controller.php</filename>
        <filename>dynamic404.php</filename>
        <folder>views</folder>
    </files>
    
    <!-- administration part -->
    <administration>

        <menu task="default" img="../media/com_dynamic404/images/yireo-d404.png">Dynamic404</menu>
        <submenu>
            <menu link="option=com_dynamic404&amp;view=home">Home</menu>
            <menu link="option=com_dynamic404&amp;view=redirects">Redirects</menu>
            <menu link="option=com_dynamic404&amp;view=setup">Setup</menu>
            <menu link="option=com_dynamic404&amp;view=logs">Logs</menu>
        </submenu>

        <files>
            <filename>install.dynamic404.php</filename>
            <filename>uninstall.dynamic404.php</filename>
        </files>
        <files folder="admin">
            <filename>config.xml</filename>
            <filename>controller.php</filename>
            <filename>dynamic404.php</filename>
            <filename>index.html</filename>
            <folder>helpers</folder>
            <folder>lib</folder>
            <folder>models</folder>
            <folder>tables</folder>
            <folder>views</folder>
        </files>

        <languages folder="admin/language">
            <language tag="en-GB">en-GB.com_dynamic404.ini</language>
        </languages>

    </administration>

    <media folder="media" destination="com_dynamic404">
        <filename>index.html</filename>
        <folder>css</folder>
        <folder>images</folder>
        <folder>js</folder>
    </media>

</install>
