<?xml version="1.0" encoding="utf-8"?>
<extension version="2.5" type="plugin" group="dynamic404" method="upgrade">
    <name>PLG_DYNAMIC404_EASYBLOG</name>
    <author>Yireo</author>
    <creationDate>May 2013</creationDate>
    <copyright>Copyright (C) 2013 Yireo.com. All rights reserved.</copyright>
    <license>http://www.gnu.org/licenses/gpl-3.0.html GNU/GPL</license>
    <authorEmail>info@yireo.com</authorEmail>
    <authorUrl>www.yireo.com</authorUrl>
    <version>1.1.1</version>
    <description>PLG_DYNAMIC404_EASYBLOG_DESC</description>

    <files>
        <filename plugin="easyblog">easyblog.php</filename>
        <filename>index.html</filename>
    </files>

    <languages>
        <language tag="en-GB">en-GB.plg_dynamic404_easyblog.ini</language>
        <language tag="en-GB">en-GB.plg_dynamic404_easyblog.sys.ini</language>
    </languages>

    <config>
        <fields name="params">
            <fieldset name="basic">
                <field name="rating" type="text" default="85" size="4" label="PLG_DYNAMIC404_EASYBLOG_FIELD_RATING" description="PLG_DYNAMIC404_EASYBLOG_FIELD_RATING_DESC" />
            </fieldset>
        </fields>
    </config>
</extension>
