<?xml version="1.0" encoding="utf-8"?>
<extension version="2.5" type="plugin" group="dynamic404" method="upgrade">
    <name>PLG_DYNAMIC404_ZOO</name>
    <author>Yireo</author>
    <creationDate>February 2017</creationDate>
    <copyright>Copyright 2016 Yireo.com. All rights reserved.</copyright>
    <license>http://www.gnu.org/licenses/gpl-3.0.html GNU/GPL</license>
    <authorEmail>info@yireo.com</authorEmail>
    <authorUrl>www.yireo.com</authorUrl>
    <version>1.2.0</version>
    <description>PLG_DYNAMIC404_ZOO_DESC</description>

    <files>
        <filename plugin="zoo">zoo.php</filename>
        <filename>index.html</filename>
    </files>

    <languages>
        <language tag="en-GB">en-GB.plg_dynamic404_zoo.ini</language>
        <language tag="en-GB">en-GB.plg_dynamic404_zoo.sys.ini</language>
    </languages>

    <config>
        <fields name="params">
            <fieldset name="basic">
                <field name="item_rating" type="text" default="85" size="4" label="PLG_DYNAMIC404_ZOO_FIELD_ITEM_RATING" description="PLG_DYNAMIC404_ZOO_FIELD_ITEM_RATING_DESC" />
                <field name="category_rating" type="text" default="85" size="4" label="PLG_DYNAMIC404_ZOO_FIELD_CATEGORY_RATING" description="PLG_DYNAMIC404_ZOO_FIELD_CATEGORY_RATING_DESC" />
            </fieldset>
        </fields>
    </config>
</extension>
