<?xml version="1.0" encoding="utf-8"?>
<form>
    <fields name="item">
        <fieldset name="source">
            <field name="match" type="yireo.text" class="input-xlarge" label="COM_DYNAMIC404_REDIRECT_FIELD_MATCH" />
            <field name="type" type="list" default="full_url" label="COM_DYNAMIC404_REDIRECT_FIELD_TYPE" required="1">
                <option value="full_url">COM_DYNAMIC404_REDIRECT_FIELD_TYPE_OPTION_FULL_URL</option>
                <option value="last_segment">COM_DYNAMIC404_REDIRECT_FIELD_TYPE_OPTION_LAST_SEGMENT</option>
                <option value="any_segment">COM_DYNAMIC404_REDIRECT_FIELD_TYPE_OPTION_ANY_SEGMENT</option>
                <option value="fuzzy">COM_DYNAMIC404_REDIRECT_FIELD_TYPE_OPTION_FUZZY</option>
                <option value="regex">COM_DYNAMIC404_REDIRECT_FIELD_TYPE_OPTION_REGEX</option>
            </field>
        </fieldset>

        <fieldset name="destination">
            <field name="url" type="yireo.text" class="input-xlarge"
                label="COM_DYNAMIC404_REDIRECT_FIELD_URL"
            />
            <field name="http_status" type="list" default="301" label="COM_DYNAMIC404_REDIRECT_FIELD_HTTP_STATUS" required="1">
                <option value="301">COM_DYNAMIC404_REDIRECT_FIELD_HTTP_STATUS_OPTION_301</option>
                <option value="302">COM_DYNAMIC404_REDIRECT_FIELD_HTTP_STATUS_OPTION_302</option>
                <option value="303">COM_DYNAMIC404_REDIRECT_FIELD_HTTP_STATUS_OPTION_303</option>
                <option value="307">COM_DYNAMIC404_REDIRECT_FIELD_HTTP_STATUS_OPTION_307</option>
                <option value="418">COM_DYNAMIC404_REDIRECT_FIELD_HTTP_STATUS_OPTION_418</option>
            </field>
        </fieldset>

        <fieldset name="other" label="COM_DYNAMIC404_REDIRECT_FIELDSET_OTHER">
            <field name="description" type="yireo.text" label="COM_DYNAMIC404_REDIRECT_FIELD_DESCRIPTION" />
            <field name="published" type="yireo.published" default="1" />
            <field name="static" type="yireo.boolean" default="0" label="COM_DYNAMIC404_REDIRECT_PARAM_STATIC" />
        </fieldset>
    </fields>
    <fields name="params">
        <fieldset name="params">
            <field name="redirect" type="yireo.boolean" global="2" default="2" label="COM_DYNAMIC404_REDIRECT_PARAM_REDIRECT" />
            <field name="match_case" type="yireo.boolean" default="0" label="COM_DYNAMIC404_REDIRECT_PARAM_MATCH_CASE" />
            <field name="show_description" type="yireo.boolean" default="0" label="COM_DYNAMIC404_REDIRECT_PARAM_SHOW_DESCRIPTION" />
            <field name="rating" type="yireo.text" label="COM_DYNAMIC404_REDIRECT_PARAM_RATING" />
        </fieldset>
    </fields>
</form>
