<?xml version="1.0" encoding="utf-8"?>
<extension version="2.5" type="plugin" group="dynamic404" method="upgrade">
    <name>PLG_DYNAMIC404_K2</name>
    <author>Yireo</author>
    <creationDate>August 2016</creationDate>
    <copyright>Copyright 2016 Yireo.com. All rights reserved.</copyright>
    <license>http://www.gnu.org/licenses/gpl-3.0.html GNU/GPL</license>
    <authorEmail>info@yireo.com</authorEmail>
    <authorUrl>www.yireo.com</authorUrl>
    <version>1.2.0</version>
    <description>PLG_DYNAMIC404_K2_DESC</description>

    <files>
        <filename plugin="k2">k2.php</filename>
        <filename>index.html</filename>
    </files>

    <languages>
        <language tag="en-GB">en-GB.plg_dynamic404_k2.ini</language>
        <language tag="en-GB">en-GB.plg_dynamic404_k2.sys.ini</language>
    </languages>

    <config>
        <fields name="params">
            <fieldset name="basic">
                <field name="rating" type="text" default="85" size="4" label="PLG_DYNAMIC404_K2_FIELD_RATING" description="PLG_DYNAMIC404_K2_FIELD_RATING_DESC" />
                <field name="search_items" type="list" default="1" label="PLG_DYNAMIC404_K2_FIELD_SEARCH_ITEMS" description="PLG_DYNAMIC404_K2_FIELD_SEARCH_ITEMS_DESC">
                    <option value="0">No</option>
                    <option value="1">Yes</option>
                </field>
                <field name="search_categories" type="list" default="0" label="PLG_DYNAMIC404_K2_FIELD_SEARCH_CATEGORIES" description="PLG_DYNAMIC404_K2_FIELD_SEARCH_CATEGORIES_DESC">
                    <option value="0">No</option>
                    <option value="1">Yes</option>
                </field>
            </fieldset>
        </fields>
    </config>
</extension>
