<?xml version="1.0" encoding="utf-8"?>
<extension version="2.5" type="plugin" group="system" method="upgrade">
	<name>PLG_SYSTEM_DYNAMIC404</name>
	<author>Yireo</author>
	<creationDate>September 2016</creationDate>
	<copyright>Copyright 2016 Yireo.com. All rights reserved.</copyright>
	<license>http://www.gnu.org/licenses/gpl-3.0.html GNU/GPL</license>
	<authorEmail>support@yireo.com</authorEmail>
	<authorUrl>www.yireo.com</authorUrl>
	<version>1.2.0</version>
	<description>PLG_SYSTEM_DYNAMIC404_DESC</description>

	<files>
		<filename plugin="dynamic404">dynamic404.php</filename>
		<filename>index.html</filename>
	</files>

    <languages>
        <language tag="en-GB">en-GB.plg_system_dynamic404.ini</language>
        <language tag="en-GB">en-GB.plg_system_dynamic404.sys.ini</language>
    </languages>

    <config>
        <fields name="params">
            <fieldset name="basic">
                <field name="redirect_www" type="radio" default="0" class="btn-group"
                    label="PLG_SYSTEM_DYNAMIC404_FIELD_REDIRECT_WWW" 
                    description="PLG_SYSTEM_DYNAMIC404_FIELD_REDIRECT_WWW_DESC">
                    <option value="0">JNO</option>
                    <option value="1">JYES</option>
                </field>
                <field name="redirect_static" type="radio" default="0" class="btn-group"
                       label="PLG_SYSTEM_DYNAMIC404_FIELD_REDIRECT_STATIC"
                       description="PLG_SYSTEM_DYNAMIC404_FIELD_REDIRECT_STATIC_DESC">
                    <option value="0">JNO</option>
                    <option value="1">JYES</option>
                </field>
                <field name="enforce_domain" type="text" default=""
                       label="PLG_SYSTEM_DYNAMIC404_FIELD_ENFORCE_DOMAIN"
                       description="PLG_SYSTEM_DYNAMIC404_FIELD_ENFORCE_DOMAIN_DESC" />
                <field name="force_lowercase" type="radio" default="0" class="btn-group"
                    label="PLG_SYSTEM_DYNAMIC404_FIELD_FORCE_LOWERCASE" 
                    description="PLG_SYSTEM_DYNAMIC404_FIELD_FORCE_LOWERCASE_DESC">
                    <option value="0">JNO</option>
                    <option value="1">JYES</option>
                </field>
                <field name="support_key" type="text" default="" size="60"
                    label="LIB_YIREO_CONFIG_FIELD_SUPPORT_KEY" description="LIB_YIREO_CONFIG_FIELD_SUPPORT_KEY_DESC" />
            </fieldset>
        </fields>
    </config>

    <updateservers>
        <server type="extension" priority="1" name="plg_system_dynamic404">https://www.yireo.com/updates/plg_system_dynamic404.xml</server>
    </updateservers>
</extension>
